../benign_app/com.adonai.manman_171.apk,android.permission.READ_EXTERNAL_STORAGE,android.permission.INTERNET,
../benign_app/ch.abertschi.adfree_20.apk,android.permission.READ_EXTERNAL_STORAGE,android.permission.ACCESS_NETWORK_STATE,android.permission.INTERNET,
../benign_app/android.androidVNC_13.apk,android.permission.READ_EXTERNAL_STORAGE,android.permission.WRITE_EXTERNAL_STORAGE,android.permission.ACCESS_NETWORK_STATE,android.permission.INTERNET,
../benign_app/atm.starun.game_121.apk,android.permission.READ_EXTERNAL_STORAGE,android.permission.WRITE_EXTERNAL_STORAGE,android.permission.ACCESS_NETWORK_STATE,android.permission.INTERNET,
../benign_app/at.linuxtage.companion_700144.apk,android.permission.VIBRATE,android.permission.READ_EXTERNAL_STORAGE,android.permission.RECEIVE_BOOT_COMPLETED,android.permission.ACCESS_NETWORK_STATE,android.permission.WAKE_LOCK,android.permission.INTERNET,android.permission.WRITE_EXTERNAL_STORAGE,android.permission.NFC,
../benign_app/ca.rmen.android.frenchcalendar_1181.apk,android.permission.VIBRATE,android.permission.READ_EXTERNAL_STORAGE,android.permission.RECEIVE_BOOT_COMPLETED,android.permission.ACCESS_NETWORK_STATE,android.permission.WAKE_LOCK,android.permission.INTERNET,android.permission.WRITE_EXTERNAL_STORAGE,android.permission.NFC,
../benign_app/ch.blinkenlights.android.vanillaplug_160.apk,android.permission.VIBRATE,android.permission.READ_EXTERNAL_STORAGE,android.permission.RECEIVE_BOOT_COMPLETED,android.permission.ACCESS_NETWORK_STATE,android.permission.WAKE_LOCK,android.permission.INTERNET,android.permission.WRITE_EXTERNAL_STORAGE,android.permission.NFC,
../benign_app/akk.astro.droid.moonphase_2.apk,android.permission.VIBRATE,android.permission.READ_EXTERNAL_STORAGE,android.permission.RECEIVE_BOOT_COMPLETED,android.permission.ACCESS_NETWORK_STATE,android.permission.WAKE_LOCK,android.permission.INTERNET,android.permission.WRITE_EXTERNAL_STORAGE,android.permission.NFC,
../benign_app/com.aidinhut.simpletextcrypt_10.apk,android.permission.VIBRATE,android.permission.READ_EXTERNAL_STORAGE,android.permission.RECEIVE_BOOT_COMPLETED,android.permission.ACCESS_NETWORK_STATE,android.permission.WAKE_LOCK,android.permission.INTERNET,android.permission.WRITE_EXTERNAL_STORAGE,android.permission.NFC,
../benign_app/com.afollestad.nocknock_13.apk,android.permission.VIBRATE,android.permission.READ_EXTERNAL_STORAGE,android.permission.RECEIVE_BOOT_COMPLETED,android.permission.ACCESS_NETWORK_STATE,android.permission.WAKE_LOCK,android.permission.INTERNET,android.permission.WRITE_EXTERNAL_STORAGE,android.permission.NFC,
../benign_app/com.alaskalinuxuser.shipcaptainandcrew_8.apk,android.permission.VIBRATE,android.permission.READ_EXTERNAL_STORAGE,android.permission.RECEIVE_BOOT_COMPLETED,android.permission.ACCESS_NETWORK_STATE,android.permission.WAKE_LOCK,android.permission.INTERNET,android.permission.WRITE_EXTERNAL_STORAGE,android.permission.NFC,
../benign_app/click.dummer.UartSmartwatch_32.apk,android.permission.ACCESS_FINE_LOCATION,android.permission.VIBRATE,android.permission.READ_EXTERNAL_STORAGE,android.permission.RECEIVE_BOOT_COMPLETED,android.permission.ACCESS_NETWORK_STATE,android.permission.WAKE_LOCK,android.permission.BLUETOOTH,android.permission.INTERNET,android.permission.WRITE_EXTERNAL_STORAGE,android.permission.BLUETOOTH_ADMIN,android.permission.NFC,
../benign_app/be.ppareit.swiftp_free_21800.apk,android.permission.ACCESS_FINE_LOCATION,android.permission.VIBRATE,android.permission.READ_EXTERNAL_STORAGE,android.permission.RECEIVE_BOOT_COMPLETED,android.permission.ACCESS_NETWORK_STATE,android.permission.ACCESS_COARSE_LOCATION,android.permission.WAKE_LOCK,android.permission.CHANGE_WIFI_MULTICAST_STATE,android.permission.BLUETOOTH,android.permission.ACCESS_WIFI_STATE,android.permission.INTERNET,android.permission.CHANGE_WIFI_STATE,android.permission.WRITE_EXTERNAL_STORAGE,android.permission.BLUETOOTH_ADMIN,android.permission.NFC,
../benign_app/com.android.music_2.apk,android.permission.ACCESS_FINE_LOCATION,android.permission.VIBRATE,android.permission.READ_EXTERNAL_STORAGE,android.permission.RECEIVE_BOOT_COMPLETED,android.permission.WRITE_SETTINGS,android.permission.READ_PHONE_STATE,android.permission.SYSTEM_ALERT_WINDOW,android.permission.ACCESS_NETWORK_STATE,android.permission.ACCESS_COARSE_LOCATION,android.permission.WAKE_LOCK,android.permission.CHANGE_WIFI_MULTICAST_STATE,android.permission.BLUETOOTH,android.permission.ACCESS_WIFI_STATE,android.permission.INTERNET,android.permission.BROADCAST_STICKY,android.permission.CHANGE_WIFI_STATE,android.permission.WRITE_EXTERNAL_STORAGE,android.permission.BLUETOOTH_ADMIN,android.permission.NFC,
../benign_app/app.varlorg.unote_15.apk,android.permission.ACCESS_FINE_LOCATION,android.permission.VIBRATE,android.permission.READ_EXTERNAL_STORAGE,android.permission.RECEIVE_BOOT_COMPLETED,android.permission.WRITE_SETTINGS,android.permission.READ_PHONE_STATE,android.permission.SYSTEM_ALERT_WINDOW,android.permission.ACCESS_NETWORK_STATE,android.permission.ACCESS_COARSE_LOCATION,android.permission.WAKE_LOCK,android.permission.CHANGE_WIFI_MULTICAST_STATE,android.permission.BLUETOOTH,android.permission.ACCESS_WIFI_STATE,android.permission.INTERNET,android.permission.BROADCAST_STICKY,android.permission.CHANGE_WIFI_STATE,android.permission.WRITE_EXTERNAL_STORAGE,android.permission.BLUETOOTH_ADMIN,android.permission.NFC,
../benign_app/ch.fixme.status_21.apk,android.permission.ACCESS_FINE_LOCATION,android.permission.VIBRATE,android.permission.READ_EXTERNAL_STORAGE,android.permission.RECEIVE_BOOT_COMPLETED,android.permission.WRITE_SETTINGS,android.permission.READ_PHONE_STATE,android.permission.SYSTEM_ALERT_WINDOW,android.permission.ACCESS_NETWORK_STATE,android.permission.ACCESS_COARSE_LOCATION,android.permission.WAKE_LOCK,android.permission.CHANGE_WIFI_MULTICAST_STATE,android.permission.BLUETOOTH,android.permission.ACCESS_WIFI_STATE,android.permission.INTERNET,android.permission.BROADCAST_STICKY,android.permission.CHANGE_WIFI_STATE,android.permission.WRITE_EXTERNAL_STORAGE,android.permission.BLUETOOTH_ADMIN,android.permission.NFC,
../benign_app/cat.pantsu.nyaapantsu_1.apk,android.permission.ACCESS_COARSE_LOCATION,android.permission.BLUETOOTH,android.permission.INTERNET,android.permission.BLUETOOTH_ADMIN,android.permission.NFC,android.permission.ACCESS_FINE_LOCATION,android.permission.ACCESS_NETWORK_STATE,android.permission.CHANGE_WIFI_MULTICAST_STATE,android.permission.WRITE_EXTERNAL_STORAGE,android.permission.READ_EXTERNAL_STORAGE,android.permission.RECEIVE_BOOT_COMPLETED,android.permission.BROADCAST_STICKY,android.permission.WRITE_SETTINGS,android.permission.READ_PHONE_STATE,android.permission.VIBRATE,android.permission.SYSTEM_ALERT_WINDOW,android.permission.ACCESS_WIFI_STATE,android.permission.WAKE_LOCK,android.permission.CHANGE_WIFI_STATE,android.permission.READ_CONTACTS,android.permission.READ_PROFILE,android.permission.GET_ACCOUNTS,
../benign_app/com.abcdjdj.rootverifier_12.apk,android.permission.ACCESS_COARSE_LOCATION,android.permission.BLUETOOTH,android.permission.INTERNET,android.permission.BLUETOOTH_ADMIN,android.permission.NFC,android.permission.ACCESS_FINE_LOCATION,android.permission.ACCESS_NETWORK_STATE,android.permission.CHANGE_WIFI_MULTICAST_STATE,android.permission.WRITE_EXTERNAL_STORAGE,android.permission.READ_EXTERNAL_STORAGE,android.permission.RECEIVE_BOOT_COMPLETED,android.permission.BROADCAST_STICKY,android.permission.WRITE_SETTINGS,android.permission.READ_PHONE_STATE,android.permission.VIBRATE,android.permission.ACCESS_SUPERUSER,android.permission.SYSTEM_ALERT_WINDOW,android.permission.ACCESS_WIFI_STATE,android.permission.WAKE_LOCK,android.permission.CHANGE_WIFI_STATE,android.permission.READ_CONTACTS,android.permission.READ_PROFILE,android.permission.GET_ACCOUNTS,
../benign_app/com.agnibho.android.solarcompass_1.apk,android.permission.ACCESS_COARSE_LOCATION,android.permission.BLUETOOTH,android.permission.INTERNET,android.permission.BLUETOOTH_ADMIN,android.permission.NFC,android.permission.ACCESS_FINE_LOCATION,android.permission.ACCESS_NETWORK_STATE,android.permission.CHANGE_WIFI_MULTICAST_STATE,android.permission.WRITE_EXTERNAL_STORAGE,android.permission.READ_EXTERNAL_STORAGE,android.permission.RECEIVE_BOOT_COMPLETED,android.permission.BROADCAST_STICKY,android.permission.WRITE_SETTINGS,android.permission.READ_PHONE_STATE,android.permission.VIBRATE,android.permission.ACCESS_SUPERUSER,android.permission.SYSTEM_ALERT_WINDOW,android.permission.ACCESS_WIFI_STATE,android.permission.WAKE_LOCK,android.permission.CHANGE_WIFI_STATE,android.permission.READ_CONTACTS,android.permission.READ_PROFILE,android.permission.GET_ACCOUNTS,
../benign_app/acr.browser.lightning_96.apk,android.permission.ACCESS_COARSE_LOCATION,android.permission.BLUETOOTH,android.permission.INTERNET,android.permission.BLUETOOTH_ADMIN,android.permission.NFC,android.permission.ACCESS_FINE_LOCATION,com.android.browser.permission.WRITE_HISTORY_BOOKMARKS,com.android.launcher.permission.INSTALL_SHORTCUT,android.permission.ACCESS_NETWORK_STATE,android.permission.CHANGE_WIFI_MULTICAST_STATE,com.android.browser.permission.READ_HISTORY_BOOKMARKS,android.permission.WRITE_EXTERNAL_STORAGE,android.permission.READ_EXTERNAL_STORAGE,android.permission.RECEIVE_BOOT_COMPLETED,android.permission.BROADCAST_STICKY,android.permission.WRITE_SETTINGS,android.permission.READ_PHONE_STATE,android.permission.VIBRATE,android.permission.ACCESS_SUPERUSER,android.permission.SYSTEM_ALERT_WINDOW,android.permission.ACCESS_WIFI_STATE,android.permission.WAKE_LOCK,android.permission.CHANGE_WIFI_STATE,android.permission.READ_CONTACTS,android.permission.READ_PROFILE,android.permission.GET_ACCOUNTS,
../benign_app/com.angrydoughnuts.android.alarmclock_15.apk,android.permission.ACCESS_COARSE_LOCATION,android.permission.BLUETOOTH,android.permission.INTERNET,android.permission.BLUETOOTH_ADMIN,android.permission.NFC,android.permission.ACCESS_FINE_LOCATION,com.android.browser.permission.WRITE_HISTORY_BOOKMARKS,com.android.launcher.permission.INSTALL_SHORTCUT,android.permission.ACCESS_NETWORK_STATE,android.permission.CHANGE_WIFI_MULTICAST_STATE,com.android.browser.permission.READ_HISTORY_BOOKMARKS,android.permission.WRITE_EXTERNAL_STORAGE,android.permission.READ_EXTERNAL_STORAGE,android.permission.RECEIVE_BOOT_COMPLETED,android.permission.BROADCAST_STICKY,android.permission.WRITE_SETTINGS,android.permission.READ_PHONE_STATE,android.permission.VIBRATE,android.permission.ACCESS_SUPERUSER,android.permission.SYSTEM_ALERT_WINDOW,android.permission.ACCESS_WIFI_STATE,android.permission.WAKE_LOCK,android.permission.CHANGE_WIFI_STATE,android.permission.READ_CONTACTS,android.permission.READ_PROFILE,android.permission.GET_ACCOUNTS,
../benign_app/com.antoniotari.reactiveampacheapp_54.apk,android.permission.ACCESS_COARSE_LOCATION,android.permission.BLUETOOTH,android.permission.INTERNET,android.permission.BLUETOOTH_ADMIN,android.permission.NFC,android.permission.ACCESS_FINE_LOCATION,com.android.browser.permission.WRITE_HISTORY_BOOKMARKS,com.android.launcher.permission.INSTALL_SHORTCUT,android.permission.ACCESS_NETWORK_STATE,android.permission.CHANGE_WIFI_MULTICAST_STATE,com.android.browser.permission.READ_HISTORY_BOOKMARKS,android.permission.WRITE_EXTERNAL_STORAGE,android.permission.READ_EXTERNAL_STORAGE,android.permission.RECEIVE_BOOT_COMPLETED,com.android.alarm.permission.SET_ALARM,android.permission.BROADCAST_STICKY,android.permission.WRITE_SETTINGS,android.permission.READ_PHONE_STATE,android.permission.VIBRATE,android.permission.ACCESS_SUPERUSER,android.permission.SYSTEM_ALERT_WINDOW,android.permission.ACCESS_WIFI_STATE,android.permission.WAKE_LOCK,android.permission.CHANGE_WIFI_STATE,android.permission.READ_CONTACTS,android.permission.READ_PROFILE,android.permission.GET_ACCOUNTS,
../benign_app/au.com.wallaceit.reddinator_64.apk,android.permission.ACCESS_COARSE_LOCATION,android.permission.BLUETOOTH,android.permission.INTERNET,android.permission.BLUETOOTH_ADMIN,android.permission.NFC,android.permission.ACCESS_FINE_LOCATION,com.android.browser.permission.WRITE_HISTORY_BOOKMARKS,com.android.launcher.permission.INSTALL_SHORTCUT,android.permission.ACCESS_NETWORK_STATE,android.permission.CHANGE_WIFI_MULTICAST_STATE,com.android.browser.permission.READ_HISTORY_BOOKMARKS,android.permission.WRITE_EXTERNAL_STORAGE,android.permission.READ_EXTERNAL_STORAGE,android.permission.RECEIVE_BOOT_COMPLETED,com.android.alarm.permission.SET_ALARM,android.permission.BROADCAST_STICKY,android.permission.WRITE_SETTINGS,android.permission.READ_PHONE_STATE,android.permission.VIBRATE,android.permission.ACCESS_SUPERUSER,android.permission.SYSTEM_ALERT_WINDOW,android.permission.ACCESS_WIFI_STATE,android.permission.WAKE_LOCK,android.permission.CHANGE_WIFI_STATE,android.permission.READ_CONTACTS,android.permission.READ_PROFILE,android.permission.GET_ACCOUNTS,
../benign_app/aq.com.sharetobrowser_1.apk,android.permission.ACCESS_COARSE_LOCATION,android.permission.BLUETOOTH,android.permission.INTERNET,android.permission.BLUETOOTH_ADMIN,android.permission.NFC,android.permission.ACCESS_FINE_LOCATION,com.android.browser.permission.WRITE_HISTORY_BOOKMARKS,com.android.launcher.permission.INSTALL_SHORTCUT,android.permission.ACCESS_NETWORK_STATE,android.permission.CHANGE_WIFI_MULTICAST_STATE,com.android.browser.permission.READ_HISTORY_BOOKMARKS,android.permission.WRITE_EXTERNAL_STORAGE,android.permission.READ_EXTERNAL_STORAGE,android.permission.RECEIVE_BOOT_COMPLETED,com.android.alarm.permission.SET_ALARM,android.permission.BROADCAST_STICKY,android.permission.WRITE_SETTINGS,android.permission.READ_PHONE_STATE,android.permission.VIBRATE,android.permission.ACCESS_SUPERUSER,android.permission.SYSTEM_ALERT_WINDOW,android.permission.ACCESS_WIFI_STATE,android.permission.WAKE_LOCK,android.permission.CHANGE_WIFI_STATE,android.permission.READ_CONTACTS,android.permission.READ_PROFILE,android.permission.GET_ACCOUNTS,
../benign_app/ch.logixisland.anuto_16.apk,android.permission.ACCESS_COARSE_LOCATION,android.permission.BLUETOOTH,android.permission.INTERNET,android.permission.BLUETOOTH_ADMIN,android.permission.NFC,android.permission.ACCESS_FINE_LOCATION,com.android.browser.permission.WRITE_HISTORY_BOOKMARKS,com.android.launcher.permission.INSTALL_SHORTCUT,android.permission.ACCESS_NETWORK_STATE,android.permission.CHANGE_WIFI_MULTICAST_STATE,com.android.browser.permission.READ_HISTORY_BOOKMARKS,android.permission.WRITE_EXTERNAL_STORAGE,android.permission.READ_EXTERNAL_STORAGE,android.permission.RECEIVE_BOOT_COMPLETED,com.android.alarm.permission.SET_ALARM,android.permission.BROADCAST_STICKY,android.permission.WRITE_SETTINGS,android.permission.READ_PHONE_STATE,android.permission.VIBRATE,android.permission.ACCESS_SUPERUSER,android.permission.SYSTEM_ALERT_WINDOW,android.permission.ACCESS_WIFI_STATE,android.permission.WAKE_LOCK,android.permission.CHANGE_WIFI_STATE,android.permission.READ_CONTACTS,android.permission.READ_PROFILE,android.permission.GET_ACCOUNTS,
../benign_app/com.a5corp.weather_656.apk,android.permission.ACCESS_COARSE_LOCATION,android.permission.BLUETOOTH,android.permission.INTERNET,android.permission.BLUETOOTH_ADMIN,android.permission.NFC,android.permission.ACCESS_FINE_LOCATION,com.android.browser.permission.WRITE_HISTORY_BOOKMARKS,com.android.launcher.permission.INSTALL_SHORTCUT,android.permission.ACCESS_NETWORK_STATE,android.permission.CHANGE_WIFI_MULTICAST_STATE,com.android.browser.permission.READ_HISTORY_BOOKMARKS,android.permission.WRITE_EXTERNAL_STORAGE,android.permission.READ_EXTERNAL_STORAGE,android.permission.RECEIVE_BOOT_COMPLETED,com.android.alarm.permission.SET_ALARM,android.permission.BROADCAST_STICKY,android.permission.WRITE_SETTINGS,android.permission.READ_PHONE_STATE,android.permission.VIBRATE,android.permission.ACCESS_SUPERUSER,android.permission.SYSTEM_ALERT_WINDOW,android.permission.ACCESS_WIFI_STATE,android.permission.WAKE_LOCK,android.permission.CHANGE_WIFI_STATE,android.permission.READ_CONTACTS,android.permission.READ_PROFILE,android.permission.GET_ACCOUNTS,
../benign_app/chromiumupdater.bamless.com.chromiumsweupdater_6.apk,android.permission.ACCESS_COARSE_LOCATION,android.permission.BLUETOOTH,android.permission.INTERNET,android.permission.BLUETOOTH_ADMIN,android.permission.NFC,android.permission.ACCESS_FINE_LOCATION,com.android.browser.permission.WRITE_HISTORY_BOOKMARKS,com.android.launcher.permission.INSTALL_SHORTCUT,android.permission.ACCESS_NETWORK_STATE,android.permission.CHANGE_WIFI_MULTICAST_STATE,com.android.browser.permission.READ_HISTORY_BOOKMARKS,android.permission.WRITE_EXTERNAL_STORAGE,android.permission.READ_EXTERNAL_STORAGE,android.permission.RECEIVE_BOOT_COMPLETED,com.android.alarm.permission.SET_ALARM,android.permission.BROADCAST_STICKY,android.permission.WRITE_SETTINGS,android.permission.READ_PHONE_STATE,android.permission.VIBRATE,android.permission.ACCESS_SUPERUSER,android.permission.SYSTEM_ALERT_WINDOW,android.permission.ACCESS_WIFI_STATE,android.permission.WAKE_LOCK,android.permission.CHANGE_WIFI_STATE,android.permission.READ_CONTACTS,android.permission.READ_PROFILE,android.permission.GET_ACCOUNTS,
../benign_app/ca.mimic.apphangar_75.apk,android.permission.ACCESS_COARSE_LOCATION,android.permission.BLUETOOTH,android.permission.INTERNET,com.android.vending.BILLING,android.permission.BLUETOOTH_ADMIN,android.permission.NFC,android.permission.ACCESS_FINE_LOCATION,android.permission.PACKAGE_USAGE_STATS,com.android.browser.permission.WRITE_HISTORY_BOOKMARKS,com.android.launcher.permission.INSTALL_SHORTCUT,android.permission.ACCESS_NETWORK_STATE,android.permission.CHANGE_WIFI_MULTICAST_STATE,com.android.browser.permission.READ_HISTORY_BOOKMARKS,android.permission.WRITE_EXTERNAL_STORAGE,android.permission.READ_EXTERNAL_STORAGE,android.permission.RECEIVE_BOOT_COMPLETED,com.android.alarm.permission.SET_ALARM,android.permission.BROADCAST_STICKY,android.permission.WRITE_SETTINGS,android.permission.READ_PHONE_STATE,android.permission.VIBRATE,android.permission.ACCESS_SUPERUSER,android.permission.SYSTEM_ALERT_WINDOW,android.permission.GET_TASKS,android.permission.ACCESS_WIFI_STATE,android.permission.WAKE_LOCK,android.permission.CHANGE_WIFI_STATE,android.permission.READ_CONTACTS,android.permission.READ_PROFILE,android.permission.GET_ACCOUNTS,
../benign_app/app.librenews.io.librenews_5.apk,android.permission.ACCESS_COARSE_LOCATION,android.permission.BLUETOOTH,android.permission.INTERNET,com.android.vending.BILLING,android.permission.BLUETOOTH_ADMIN,android.permission.NFC,android.permission.ACCESS_FINE_LOCATION,android.permission.PACKAGE_USAGE_STATS,com.android.browser.permission.WRITE_HISTORY_BOOKMARKS,com.android.launcher.permission.INSTALL_SHORTCUT,android.permission.ACCESS_NETWORK_STATE,android.permission.CHANGE_WIFI_MULTICAST_STATE,com.android.browser.permission.READ_HISTORY_BOOKMARKS,android.permission.WRITE_EXTERNAL_STORAGE,android.permission.READ_EXTERNAL_STORAGE,android.permission.RECEIVE_BOOT_COMPLETED,com.android.alarm.permission.SET_ALARM,android.permission.BROADCAST_STICKY,android.permission.WRITE_SETTINGS,android.permission.READ_PHONE_STATE,android.permission.VIBRATE,android.permission.ACCESS_SUPERUSER,android.permission.SYSTEM_ALERT_WINDOW,android.permission.GET_TASKS,android.permission.ACCESS_WIFI_STATE,android.permission.WAKE_LOCK,android.permission.CHANGE_WIFI_STATE,android.permission.READ_CONTACTS,android.permission.READ_PROFILE,android.permission.GET_ACCOUNTS,
../benign_app/com.alaskalinuxuser.hourglass_6.apk,android.permission.ACCESS_COARSE_LOCATION,android.permission.BLUETOOTH,android.permission.INTERNET,com.android.vending.BILLING,android.permission.BLUETOOTH_ADMIN,android.permission.NFC,android.permission.ACCESS_FINE_LOCATION,android.permission.PACKAGE_USAGE_STATS,com.android.browser.permission.WRITE_HISTORY_BOOKMARKS,com.android.launcher.permission.INSTALL_SHORTCUT,android.permission.ACCESS_NETWORK_STATE,android.permission.CHANGE_WIFI_MULTICAST_STATE,com.android.browser.permission.READ_HISTORY_BOOKMARKS,android.permission.WRITE_EXTERNAL_STORAGE,android.permission.READ_EXTERNAL_STORAGE,android.permission.RECEIVE_BOOT_COMPLETED,com.android.alarm.permission.SET_ALARM,android.permission.BROADCAST_STICKY,android.permission.WRITE_SETTINGS,android.permission.READ_PHONE_STATE,android.permission.VIBRATE,android.permission.ACCESS_SUPERUSER,android.permission.SYSTEM_ALERT_WINDOW,android.permission.GET_TASKS,android.permission.ACCESS_WIFI_STATE,android.permission.WAKE_LOCK,android.permission.CHANGE_WIFI_STATE,android.permission.READ_CONTACTS,android.permission.READ_PROFILE,android.permission.GET_ACCOUNTS,
../benign_app/at.bitfire.gfxtablet_5.apk,android.permission.ACCESS_COARSE_LOCATION,android.permission.BLUETOOTH,android.permission.INTERNET,com.android.vending.BILLING,android.permission.BLUETOOTH_ADMIN,android.permission.NFC,android.permission.ACCESS_FINE_LOCATION,android.permission.PACKAGE_USAGE_STATS,com.android.browser.permission.WRITE_HISTORY_BOOKMARKS,com.android.launcher.permission.INSTALL_SHORTCUT,android.permission.ACCESS_NETWORK_STATE,android.permission.CHANGE_WIFI_MULTICAST_STATE,com.android.browser.permission.READ_HISTORY_BOOKMARKS,android.permission.WRITE_EXTERNAL_STORAGE,android.permission.READ_EXTERNAL_STORAGE,android.permission.RECEIVE_BOOT_COMPLETED,com.android.alarm.permission.SET_ALARM,android.permission.BROADCAST_STICKY,android.permission.WRITE_SETTINGS,android.permission.READ_PHONE_STATE,android.permission.VIBRATE,android.permission.ACCESS_SUPERUSER,android.permission.SYSTEM_ALERT_WINDOW,android.permission.GET_TASKS,android.permission.ACCESS_WIFI_STATE,android.permission.WAKE_LOCK,android.permission.CHANGE_WIFI_STATE,android.permission.READ_CONTACTS,android.permission.READ_PROFILE,android.permission.GET_ACCOUNTS,
../benign_app/at.bitfire.davdroid_205.apk,android.permission.READ_SYNC_SETTINGS,org.dmfs.permission.READ_TASKS,android.permission.READ_CALENDAR,android.permission.ACCESS_COARSE_LOCATION,android.permission.READ_SYNC_STATS,android.permission.WRITE_SYNC_SETTINGS,android.permission.BLUETOOTH,android.permission.WRITE_CALENDAR,android.permission.INTERNET,com.android.vending.BILLING,android.permission.BLUETOOTH_ADMIN,android.permission.NFC,android.permission.ACCESS_FINE_LOCATION,android.permission.PACKAGE_USAGE_STATS,com.android.browser.permission.WRITE_HISTORY_BOOKMARKS,com.android.launcher.permission.INSTALL_SHORTCUT,org.dmfs.permission.WRITE_TASKS,android.permission.ACCESS_NETWORK_STATE,android.permission.CHANGE_WIFI_MULTICAST_STATE,com.android.browser.permission.READ_HISTORY_BOOKMARKS,android.permission.WRITE_EXTERNAL_STORAGE,android.permission.REQUEST_IGNORE_BATTERY_OPTIMIZATIONS,android.permission.WRITE_CONTACTS,android.permission.READ_EXTERNAL_STORAGE,android.permission.RECEIVE_BOOT_COMPLETED,com.android.alarm.permission.SET_ALARM,android.permission.BROADCAST_STICKY,android.permission.WRITE_SETTINGS,android.permission.READ_PHONE_STATE,android.permission.VIBRATE,android.permission.ACCESS_SUPERUSER,android.permission.SYSTEM_ALERT_WINDOW,android.permission.GET_TASKS,android.permission.ACCESS_WIFI_STATE,android.permission.WAKE_LOCK,android.permission.CHANGE_WIFI_STATE,android.permission.READ_CONTACTS,android.permission.READ_PROFILE,android.permission.GET_ACCOUNTS,
../benign_app/com.anddevw.getchromium_20170830.apk,android.permission.READ_SYNC_SETTINGS,org.dmfs.permission.READ_TASKS,android.permission.READ_CALENDAR,android.permission.ACCESS_COARSE_LOCATION,android.permission.READ_SYNC_STATS,android.permission.WRITE_SYNC_SETTINGS,android.permission.BLUETOOTH,android.permission.WRITE_CALENDAR,android.permission.INTERNET,com.android.vending.BILLING,android.permission.BLUETOOTH_ADMIN,android.permission.NFC,android.permission.ACCESS_FINE_LOCATION,android.permission.PACKAGE_USAGE_STATS,com.android.browser.permission.WRITE_HISTORY_BOOKMARKS,com.android.launcher.permission.INSTALL_SHORTCUT,org.dmfs.permission.WRITE_TASKS,android.permission.ACCESS_NETWORK_STATE,android.permission.CHANGE_WIFI_MULTICAST_STATE,com.android.browser.permission.READ_HISTORY_BOOKMARKS,android.permission.WRITE_EXTERNAL_STORAGE,android.permission.REQUEST_IGNORE_BATTERY_OPTIMIZATIONS,android.permission.WRITE_CONTACTS,android.permission.READ_EXTERNAL_STORAGE,android.permission.RECEIVE_BOOT_COMPLETED,com.android.alarm.permission.SET_ALARM,android.permission.BROADCAST_STICKY,android.permission.WRITE_SETTINGS,android.permission.READ_PHONE_STATE,android.permission.VIBRATE,android.permission.ACCESS_SUPERUSER,android.permission.SYSTEM_ALERT_WINDOW,android.permission.GET_TASKS,android.permission.ACCESS_WIFI_STATE,android.permission.WAKE_LOCK,android.permission.CHANGE_WIFI_STATE,android.permission.READ_CONTACTS,android.permission.READ_PROFILE,android.permission.GET_ACCOUNTS,
../benign_app/at.bitfire.icsdroid_18.apk,android.permission.READ_SYNC_SETTINGS,org.dmfs.permission.READ_TASKS,android.permission.READ_CALENDAR,android.permission.ACCESS_COARSE_LOCATION,android.permission.READ_SYNC_STATS,android.permission.WRITE_SYNC_SETTINGS,android.permission.BLUETOOTH,android.permission.WRITE_CALENDAR,android.permission.INTERNET,com.android.vending.BILLING,android.permission.BLUETOOTH_ADMIN,android.permission.NFC,android.permission.ACCESS_FINE_LOCATION,android.permission.PACKAGE_USAGE_STATS,com.android.browser.permission.WRITE_HISTORY_BOOKMARKS,com.android.launcher.permission.INSTALL_SHORTCUT,org.dmfs.permission.WRITE_TASKS,android.permission.ACCESS_NETWORK_STATE,android.permission.CHANGE_WIFI_MULTICAST_STATE,com.android.browser.permission.READ_HISTORY_BOOKMARKS,android.permission.WRITE_EXTERNAL_STORAGE,android.permission.REQUEST_IGNORE_BATTERY_OPTIMIZATIONS,android.permission.WRITE_CONTACTS,android.permission.READ_EXTERNAL_STORAGE,android.permission.RECEIVE_BOOT_COMPLETED,com.android.alarm.permission.SET_ALARM,android.permission.BROADCAST_STICKY,android.permission.WRITE_SETTINGS,android.permission.READ_PHONE_STATE,android.permission.VIBRATE,android.permission.ACCESS_SUPERUSER,android.permission.SYSTEM_ALERT_WINDOW,android.permission.GET_TASKS,android.permission.ACCESS_WIFI_STATE,android.permission.WAKE_LOCK,android.permission.CHANGE_WIFI_STATE,android.permission.READ_CONTACTS,android.permission.READ_PROFILE,android.permission.GET_ACCOUNTS,
../benign_app/atm.nasaimages_3.apk,android.permission.READ_SYNC_SETTINGS,org.dmfs.permission.READ_TASKS,android.permission.READ_CALENDAR,android.permission.ACCESS_COARSE_LOCATION,android.permission.READ_SYNC_STATS,android.permission.WRITE_SYNC_SETTINGS,android.permission.BLUETOOTH,android.permission.WRITE_CALENDAR,android.permission.INTERNET,com.android.vending.BILLING,android.permission.BLUETOOTH_ADMIN,android.permission.NFC,android.permission.ACCESS_FINE_LOCATION,android.permission.PACKAGE_USAGE_STATS,com.android.browser.permission.WRITE_HISTORY_BOOKMARKS,com.android.launcher.permission.INSTALL_SHORTCUT,org.dmfs.permission.WRITE_TASKS,android.permission.ACCESS_NETWORK_STATE,android.permission.CHANGE_WIFI_MULTICAST_STATE,com.android.browser.permission.READ_HISTORY_BOOKMARKS,android.permission.WRITE_EXTERNAL_STORAGE,android.permission.REQUEST_IGNORE_BATTERY_OPTIMIZATIONS,android.permission.WRITE_CONTACTS,android.permission.READ_EXTERNAL_STORAGE,android.permission.RECEIVE_BOOT_COMPLETED,com.android.alarm.permission.SET_ALARM,android.permission.BROADCAST_STICKY,android.permission.WRITE_SETTINGS,android.permission.READ_PHONE_STATE,android.permission.VIBRATE,android.permission.ACCESS_SUPERUSER,android.permission.SYSTEM_ALERT_WINDOW,android.permission.GET_TASKS,android.permission.ACCESS_WIFI_STATE,android.permission.WAKE_LOCK,android.permission.CHANGE_WIFI_STATE,android.permission.READ_CONTACTS,android.permission.READ_PROFILE,android.permission.GET_ACCOUNTS,
../benign_app/axp.tool.apkextractor_4.apk,android.permission.READ_SYNC_SETTINGS,org.dmfs.permission.READ_TASKS,android.permission.READ_CALENDAR,android.permission.ACCESS_COARSE_LOCATION,android.permission.READ_SYNC_STATS,android.permission.WRITE_SYNC_SETTINGS,android.permission.BLUETOOTH,android.permission.WRITE_CALENDAR,android.permission.INTERNET,com.android.vending.BILLING,android.permission.BLUETOOTH_ADMIN,android.permission.NFC,android.permission.ACCESS_FINE_LOCATION,android.permission.PACKAGE_USAGE_STATS,com.android.browser.permission.WRITE_HISTORY_BOOKMARKS,com.android.launcher.permission.INSTALL_SHORTCUT,org.dmfs.permission.WRITE_TASKS,android.permission.ACCESS_NETWORK_STATE,android.permission.CHANGE_WIFI_MULTICAST_STATE,com.android.browser.permission.READ_HISTORY_BOOKMARKS,android.permission.WRITE_EXTERNAL_STORAGE,android.permission.REQUEST_IGNORE_BATTERY_OPTIMIZATIONS,android.permission.WRITE_CONTACTS,android.permission.READ_EXTERNAL_STORAGE,android.permission.RECEIVE_BOOT_COMPLETED,com.android.alarm.permission.SET_ALARM,android.permission.BROADCAST_STICKY,android.permission.WRITE_SETTINGS,android.permission.READ_PHONE_STATE,android.permission.VIBRATE,android.permission.ACCESS_SUPERUSER,android.permission.SYSTEM_ALERT_WINDOW,android.permission.GET_TASKS,android.permission.ACCESS_WIFI_STATE,android.permission.WAKE_LOCK,android.permission.CHANGE_WIFI_STATE,android.permission.READ_CONTACTS,android.permission.READ_PROFILE,android.permission.GET_ACCOUNTS,
../benign_app/anupam.acrylic_16.apk,android.permission.READ_SYNC_SETTINGS,org.dmfs.permission.READ_TASKS,android.permission.READ_CALENDAR,android.permission.ACCESS_COARSE_LOCATION,android.permission.READ_SYNC_STATS,android.permission.WRITE_SYNC_SETTINGS,android.permission.BLUETOOTH,android.permission.WRITE_CALENDAR,android.permission.INTERNET,com.android.vending.BILLING,android.permission.BLUETOOTH_ADMIN,android.permission.NFC,android.permission.ACCESS_FINE_LOCATION,android.permission.PACKAGE_USAGE_STATS,com.android.browser.permission.WRITE_HISTORY_BOOKMARKS,com.android.launcher.permission.INSTALL_SHORTCUT,org.dmfs.permission.WRITE_TASKS,android.permission.ACCESS_NETWORK_STATE,android.permission.CHANGE_WIFI_MULTICAST_STATE,com.android.browser.permission.READ_HISTORY_BOOKMARKS,android.permission.WRITE_EXTERNAL_STORAGE,android.permission.REQUEST_IGNORE_BATTERY_OPTIMIZATIONS,android.permission.WRITE_CONTACTS,android.permission.READ_EXTERNAL_STORAGE,android.permission.RECEIVE_BOOT_COMPLETED,com.android.alarm.permission.SET_ALARM,android.permission.BROADCAST_STICKY,android.permission.WRITE_SETTINGS,android.permission.READ_PHONE_STATE,android.permission.VIBRATE,android.permission.ACCESS_SUPERUSER,android.permission.SYSTEM_ALERT_WINDOW,android.permission.GET_TASKS,android.permission.ACCESS_WIFI_STATE,android.permission.WAKE_LOCK,android.permission.CHANGE_WIFI_STATE,android.permission.READ_CONTACTS,android.permission.READ_PROFILE,android.permission.GET_ACCOUNTS,
../benign_app/caldwell.ben.trolly_6.apk,android.permission.READ_SYNC_SETTINGS,org.dmfs.permission.READ_TASKS,android.permission.READ_CALENDAR,android.permission.ACCESS_COARSE_LOCATION,android.permission.READ_SYNC_STATS,android.permission.WRITE_SYNC_SETTINGS,android.permission.BLUETOOTH,android.permission.WRITE_CALENDAR,android.permission.INTERNET,com.android.vending.BILLING,android.permission.BLUETOOTH_ADMIN,android.permission.NFC,android.permission.ACCESS_FINE_LOCATION,android.permission.PACKAGE_USAGE_STATS,com.android.browser.permission.WRITE_HISTORY_BOOKMARKS,com.android.launcher.permission.INSTALL_SHORTCUT,org.dmfs.permission.WRITE_TASKS,android.permission.ACCESS_NETWORK_STATE,android.permission.CHANGE_WIFI_MULTICAST_STATE,com.android.browser.permission.READ_HISTORY_BOOKMARKS,android.permission.WRITE_EXTERNAL_STORAGE,android.permission.REQUEST_IGNORE_BATTERY_OPTIMIZATIONS,android.permission.WRITE_CONTACTS,android.permission.READ_EXTERNAL_STORAGE,android.permission.RECEIVE_BOOT_COMPLETED,com.android.alarm.permission.SET_ALARM,android.permission.BROADCAST_STICKY,android.permission.WRITE_SETTINGS,android.permission.READ_PHONE_STATE,android.permission.VIBRATE,android.permission.ACCESS_SUPERUSER,android.permission.SYSTEM_ALERT_WINDOW,android.permission.GET_TASKS,android.permission.ACCESS_WIFI_STATE,android.permission.WAKE_LOCK,android.permission.CHANGE_WIFI_STATE,android.permission.READ_CONTACTS,android.permission.READ_PROFILE,android.permission.GET_ACCOUNTS,
../benign_app/br.usp.ime.retrobreaker_5.apk,android.permission.READ_SYNC_SETTINGS,org.dmfs.permission.READ_TASKS,android.permission.READ_CALENDAR,android.permission.ACCESS_COARSE_LOCATION,android.permission.READ_SYNC_STATS,android.permission.WRITE_SYNC_SETTINGS,android.permission.BLUETOOTH,android.permission.WRITE_CALENDAR,android.permission.INTERNET,com.android.vending.BILLING,android.permission.BLUETOOTH_ADMIN,android.permission.NFC,android.permission.ACCESS_FINE_LOCATION,android.permission.PACKAGE_USAGE_STATS,com.android.browser.permission.WRITE_HISTORY_BOOKMARKS,com.android.launcher.permission.INSTALL_SHORTCUT,org.dmfs.permission.WRITE_TASKS,android.permission.ACCESS_NETWORK_STATE,android.permission.CHANGE_WIFI_MULTICAST_STATE,com.android.browser.permission.READ_HISTORY_BOOKMARKS,android.permission.WRITE_EXTERNAL_STORAGE,android.permission.REQUEST_IGNORE_BATTERY_OPTIMIZATIONS,android.permission.WRITE_CONTACTS,android.permission.READ_EXTERNAL_STORAGE,android.permission.RECEIVE_BOOT_COMPLETED,com.android.alarm.permission.SET_ALARM,android.permission.BROADCAST_STICKY,android.permission.WRITE_SETTINGS,android.permission.READ_PHONE_STATE,android.permission.VIBRATE,android.permission.ACCESS_SUPERUSER,android.permission.SYSTEM_ALERT_WINDOW,android.permission.GET_TASKS,android.permission.ACCESS_WIFI_STATE,android.permission.WAKE_LOCK,android.permission.CHANGE_WIFI_STATE,android.permission.READ_CONTACTS,android.permission.READ_PROFILE,android.permission.GET_ACCOUNTS,
../benign_app/aws.apps.usbDeviceEnumerator_7.apk,android.permission.READ_SYNC_SETTINGS,org.dmfs.permission.READ_TASKS,android.permission.READ_CALENDAR,android.permission.ACCESS_COARSE_LOCATION,android.permission.READ_SYNC_STATS,android.permission.WRITE_SYNC_SETTINGS,android.permission.BLUETOOTH,android.permission.WRITE_CALENDAR,android.permission.INTERNET,com.android.vending.BILLING,android.permission.BLUETOOTH_ADMIN,android.permission.NFC,android.permission.ACCESS_FINE_LOCATION,android.permission.PACKAGE_USAGE_STATS,com.android.browser.permission.WRITE_HISTORY_BOOKMARKS,com.android.launcher.permission.INSTALL_SHORTCUT,org.dmfs.permission.WRITE_TASKS,android.permission.ACCESS_NETWORK_STATE,android.permission.CHANGE_WIFI_MULTICAST_STATE,com.android.browser.permission.READ_HISTORY_BOOKMARKS,android.permission.WRITE_EXTERNAL_STORAGE,android.permission.REQUEST_IGNORE_BATTERY_OPTIMIZATIONS,android.permission.WRITE_CONTACTS,android.permission.READ_EXTERNAL_STORAGE,android.permission.RECEIVE_BOOT_COMPLETED,com.android.alarm.permission.SET_ALARM,android.permission.BROADCAST_STICKY,android.permission.WRITE_SETTINGS,android.permission.READ_PHONE_STATE,android.permission.VIBRATE,android.permission.ACCESS_SUPERUSER,android.permission.SYSTEM_ALERT_WINDOW,android.permission.GET_TASKS,android.permission.ACCESS_WIFI_STATE,android.permission.WAKE_LOCK,android.permission.CHANGE_WIFI_STATE,android.permission.READ_CONTACTS,android.permission.READ_PROFILE,android.permission.GET_ACCOUNTS,
../benign_app/com.allansimon.verbisteandroid_1.apk,android.permission.READ_SYNC_SETTINGS,org.dmfs.permission.READ_TASKS,android.permission.READ_CALENDAR,android.permission.ACCESS_COARSE_LOCATION,android.permission.READ_SYNC_STATS,android.permission.WRITE_SYNC_SETTINGS,android.permission.BLUETOOTH,android.permission.WRITE_CALENDAR,android.permission.INTERNET,com.android.vending.BILLING,android.permission.BLUETOOTH_ADMIN,android.permission.NFC,android.permission.ACCESS_FINE_LOCATION,android.permission.PACKAGE_USAGE_STATS,com.android.browser.permission.WRITE_HISTORY_BOOKMARKS,com.android.launcher.permission.INSTALL_SHORTCUT,org.dmfs.permission.WRITE_TASKS,android.permission.ACCESS_NETWORK_STATE,android.permission.CHANGE_WIFI_MULTICAST_STATE,com.android.browser.permission.READ_HISTORY_BOOKMARKS,android.permission.WRITE_EXTERNAL_STORAGE,android.permission.REQUEST_IGNORE_BATTERY_OPTIMIZATIONS,android.permission.WRITE_CONTACTS,android.permission.READ_EXTERNAL_STORAGE,android.permission.RECEIVE_BOOT_COMPLETED,com.android.alarm.permission.SET_ALARM,android.permission.BROADCAST_STICKY,android.permission.WRITE_SETTINGS,android.permission.READ_PHONE_STATE,android.permission.VIBRATE,android.permission.ACCESS_SUPERUSER,android.permission.SYSTEM_ALERT_WINDOW,android.permission.GET_TASKS,android.permission.ACCESS_WIFI_STATE,android.permission.WAKE_LOCK,android.permission.CHANGE_WIFI_STATE,android.permission.READ_CONTACTS,android.permission.READ_PROFILE,android.permission.GET_ACCOUNTS,
../benign_app/com.adam.aslfms_48.apk,android.permission.READ_SYNC_SETTINGS,org.dmfs.permission.READ_TASKS,android.permission.READ_CALENDAR,android.permission.ACCESS_COARSE_LOCATION,android.permission.READ_SYNC_STATS,android.permission.WRITE_SYNC_SETTINGS,android.permission.BLUETOOTH,android.permission.WRITE_CALENDAR,android.permission.INTERNET,com.android.vending.BILLING,android.permission.BLUETOOTH_ADMIN,android.permission.NFC,android.permission.ACCESS_FINE_LOCATION,android.permission.PACKAGE_USAGE_STATS,com.android.browser.permission.WRITE_HISTORY_BOOKMARKS,com.android.launcher.permission.INSTALL_SHORTCUT,org.dmfs.permission.WRITE_TASKS,android.permission.ACCESS_NETWORK_STATE,android.permission.CHANGE_WIFI_MULTICAST_STATE,com.android.browser.permission.READ_HISTORY_BOOKMARKS,android.permission.WRITE_EXTERNAL_STORAGE,android.permission.REQUEST_IGNORE_BATTERY_OPTIMIZATIONS,android.permission.WRITE_CONTACTS,android.permission.READ_EXTERNAL_STORAGE,android.permission.RECEIVE_BOOT_COMPLETED,com.android.alarm.permission.SET_ALARM,android.permission.BROADCAST_STICKY,android.permission.WRITE_SETTINGS,android.permission.READ_PHONE_STATE,android.permission.VIBRATE,android.permission.ACCESS_SUPERUSER,android.permission.SYSTEM_ALERT_WINDOW,android.permission.GET_TASKS,android.permission.ACCESS_WIFI_STATE,android.permission.WAKE_LOCK,android.permission.CHANGE_WIFI_STATE,android.permission.READ_CONTACTS,android.permission.READ_PROFILE,android.permission.GET_ACCOUNTS,
../benign_app/ca.farrelltonsolar.classic_250.apk,android.permission.READ_SYNC_SETTINGS,org.dmfs.permission.READ_TASKS,android.permission.READ_CALENDAR,android.permission.ACCESS_COARSE_LOCATION,android.permission.READ_SYNC_STATS,android.permission.WRITE_SYNC_SETTINGS,android.permission.BLUETOOTH,android.permission.WRITE_CALENDAR,android.permission.INTERNET,com.android.vending.BILLING,android.permission.BLUETOOTH_ADMIN,android.permission.NFC,android.permission.ACCESS_FINE_LOCATION,android.permission.PACKAGE_USAGE_STATS,com.android.browser.permission.WRITE_HISTORY_BOOKMARKS,com.android.launcher.permission.INSTALL_SHORTCUT,org.dmfs.permission.WRITE_TASKS,android.permission.ACCESS_NETWORK_STATE,android.permission.CHANGE_WIFI_MULTICAST_STATE,com.android.browser.permission.READ_HISTORY_BOOKMARKS,android.permission.WRITE_EXTERNAL_STORAGE,android.permission.REQUEST_IGNORE_BATTERY_OPTIMIZATIONS,android.permission.WRITE_CONTACTS,android.permission.READ_EXTERNAL_STORAGE,android.permission.RECEIVE_BOOT_COMPLETED,com.android.alarm.permission.SET_ALARM,android.permission.BROADCAST_STICKY,android.permission.WRITE_SETTINGS,android.permission.READ_PHONE_STATE,android.permission.VIBRATE,android.permission.ACCESS_SUPERUSER,android.permission.SYSTEM_ALERT_WINDOW,android.permission.GET_TASKS,android.permission.ACCESS_WIFI_STATE,android.permission.WAKE_LOCK,android.permission.CHANGE_WIFI_STATE,android.permission.READ_CONTACTS,android.permission.READ_PROFILE,android.permission.GET_ACCOUNTS,
../benign_app/ca.rmen.android.poetassistant_112603.apk,android.permission.READ_SYNC_SETTINGS,org.dmfs.permission.READ_TASKS,android.permission.READ_CALENDAR,android.permission.ACCESS_COARSE_LOCATION,android.permission.READ_SYNC_STATS,android.permission.WRITE_SYNC_SETTINGS,android.permission.BLUETOOTH,android.permission.WRITE_CALENDAR,android.permission.INTERNET,com.android.vending.BILLING,android.permission.BLUETOOTH_ADMIN,android.permission.NFC,android.permission.ACCESS_FINE_LOCATION,android.permission.PACKAGE_USAGE_STATS,com.android.browser.permission.WRITE_HISTORY_BOOKMARKS,com.android.launcher.permission.INSTALL_SHORTCUT,org.dmfs.permission.WRITE_TASKS,android.permission.ACCESS_NETWORK_STATE,android.permission.CHANGE_WIFI_MULTICAST_STATE,com.android.browser.permission.READ_HISTORY_BOOKMARKS,android.permission.WRITE_EXTERNAL_STORAGE,android.permission.REQUEST_IGNORE_BATTERY_OPTIMIZATIONS,android.permission.WRITE_CONTACTS,android.permission.READ_EXTERNAL_STORAGE,android.permission.RECEIVE_BOOT_COMPLETED,com.android.alarm.permission.SET_ALARM,android.permission.BROADCAST_STICKY,android.permission.WRITE_SETTINGS,android.permission.READ_PHONE_STATE,android.permission.VIBRATE,android.permission.ACCESS_SUPERUSER,android.permission.SYSTEM_ALERT_WINDOW,android.permission.GET_TASKS,android.permission.ACCESS_WIFI_STATE,android.permission.WAKE_LOCK,android.permission.CHANGE_WIFI_STATE,android.permission.READ_CONTACTS,android.permission.READ_PROFILE,android.permission.GET_ACCOUNTS,
../benign_app/ch.deletescape.lawnchair.plah_1742.apk,android.permission.READ_SYNC_SETTINGS,org.dmfs.permission.READ_TASKS,android.permission.READ_CALENDAR,android.permission.ACCESS_COARSE_LOCATION,ch.deletescape.lawnchair.plah.permission.WRITE_SETTINGS,android.permission.READ_SYNC_STATS,android.permission.WRITE_SYNC_SETTINGS,android.permission.BLUETOOTH,android.permission.WRITE_CALENDAR,android.permission.INTERNET,android.permission.SET_WALLPAPER_HINTS,com.android.vending.BILLING,android.permission.BLUETOOTH_ADMIN,android.permission.NFC,android.permission.ACCESS_FINE_LOCATION,android.permission.PACKAGE_USAGE_STATS,com.android.browser.permission.WRITE_HISTORY_BOOKMARKS,com.android.launcher.permission.INSTALL_SHORTCUT,org.dmfs.permission.WRITE_TASKS,android.permission.ACCESS_NETWORK_STATE,android.permission.EXPAND_STATUS_BAR,android.permission.CHANGE_WIFI_MULTICAST_STATE,com.android.browser.permission.READ_HISTORY_BOOKMARKS,ch.deletescape.lawnchair.plah.permission.READ_SETTINGS,android.permission.WRITE_EXTERNAL_STORAGE,android.permission.REQUEST_IGNORE_BATTERY_OPTIMIZATIONS,android.permission.WRITE_CONTACTS,android.permission.READ_EXTERNAL_STORAGE,android.permission.RECEIVE_BOOT_COMPLETED,android.permission.BIND_APPWIDGET,ch.deletescape.lawnchair.plah.permission.QSB,com.android.alarm.permission.SET_ALARM,android.permission.BROADCAST_STICKY,android.permission.SET_WALLPAPER,android.permission.CALL_PHONE,android.permission.WRITE_SETTINGS,android.permission.READ_PHONE_STATE,android.permission.VIBRATE,android.permission.ACCESS_SUPERUSER,android.permission.SYSTEM_ALERT_WINDOW,android.permission.GET_TASKS,android.permission.ACCESS_WIFI_STATE,android.permission.WAKE_LOCK,android.permission.CHANGE_WIFI_STATE,android.permission.READ_CONTACTS,android.permission.READ_PROFILE,android.permission.GET_ACCOUNTS,
../benign_app/ca.cmetcalfe.xposed.flatconnectivityicons_1.apk,android.permission.READ_SYNC_SETTINGS,org.dmfs.permission.READ_TASKS,android.permission.READ_CALENDAR,android.permission.ACCESS_COARSE_LOCATION,ch.deletescape.lawnchair.plah.permission.WRITE_SETTINGS,android.permission.READ_SYNC_STATS,android.permission.WRITE_SYNC_SETTINGS,android.permission.BLUETOOTH,android.permission.WRITE_CALENDAR,android.permission.INTERNET,android.permission.SET_WALLPAPER_HINTS,com.android.vending.BILLING,android.permission.BLUETOOTH_ADMIN,android.permission.NFC,android.permission.ACCESS_FINE_LOCATION,android.permission.PACKAGE_USAGE_STATS,com.android.browser.permission.WRITE_HISTORY_BOOKMARKS,com.android.launcher.permission.INSTALL_SHORTCUT,org.dmfs.permission.WRITE_TASKS,android.permission.ACCESS_NETWORK_STATE,android.permission.EXPAND_STATUS_BAR,android.permission.CHANGE_WIFI_MULTICAST_STATE,com.android.browser.permission.READ_HISTORY_BOOKMARKS,ch.deletescape.lawnchair.plah.permission.READ_SETTINGS,android.permission.WRITE_EXTERNAL_STORAGE,android.permission.REQUEST_IGNORE_BATTERY_OPTIMIZATIONS,android.permission.WRITE_CONTACTS,android.permission.READ_EXTERNAL_STORAGE,android.permission.RECEIVE_BOOT_COMPLETED,android.permission.BIND_APPWIDGET,ch.deletescape.lawnchair.plah.permission.QSB,com.android.alarm.permission.SET_ALARM,android.permission.BROADCAST_STICKY,android.permission.SET_WALLPAPER,android.permission.CALL_PHONE,android.permission.WRITE_SETTINGS,android.permission.READ_PHONE_STATE,android.permission.VIBRATE,android.permission.ACCESS_SUPERUSER,android.permission.SYSTEM_ALERT_WINDOW,android.permission.GET_TASKS,android.permission.ACCESS_WIFI_STATE,android.permission.WAKE_LOCK,android.permission.CHANGE_WIFI_STATE,android.permission.READ_CONTACTS,android.permission.READ_PROFILE,android.permission.GET_ACCOUNTS,
../benign_app/ch.bailu.aat_21.apk,android.permission.READ_SYNC_SETTINGS,org.dmfs.permission.READ_TASKS,android.permission.READ_CALENDAR,android.permission.ACCESS_COARSE_LOCATION,ch.deletescape.lawnchair.plah.permission.WRITE_SETTINGS,android.permission.READ_SYNC_STATS,android.permission.WRITE_SYNC_SETTINGS,android.permission.BLUETOOTH,android.permission.WRITE_CALENDAR,android.permission.INTERNET,android.permission.SET_WALLPAPER_HINTS,com.android.vending.BILLING,android.permission.BLUETOOTH_ADMIN,android.permission.NFC,android.permission.ACCESS_FINE_LOCATION,android.permission.PACKAGE_USAGE_STATS,com.android.browser.permission.WRITE_HISTORY_BOOKMARKS,com.android.launcher.permission.INSTALL_SHORTCUT,org.dmfs.permission.WRITE_TASKS,android.permission.ACCESS_NETWORK_STATE,android.permission.EXPAND_STATUS_BAR,android.permission.CHANGE_WIFI_MULTICAST_STATE,com.android.browser.permission.READ_HISTORY_BOOKMARKS,ch.deletescape.lawnchair.plah.permission.READ_SETTINGS,android.permission.WRITE_EXTERNAL_STORAGE,android.permission.REQUEST_IGNORE_BATTERY_OPTIMIZATIONS,android.permission.WRITE_CONTACTS,android.permission.READ_EXTERNAL_STORAGE,android.permission.RECEIVE_BOOT_COMPLETED,android.permission.BIND_APPWIDGET,ch.deletescape.lawnchair.plah.permission.QSB,com.android.alarm.permission.SET_ALARM,android.permission.BROADCAST_STICKY,android.permission.SET_WALLPAPER,android.permission.CALL_PHONE,android.permission.WRITE_SETTINGS,android.permission.READ_PHONE_STATE,android.permission.VIBRATE,android.permission.ACCESS_SUPERUSER,android.permission.SYSTEM_ALERT_WINDOW,android.permission.GET_TASKS,android.permission.ACCESS_WIFI_STATE,android.permission.WAKE_LOCK,android.permission.CHANGE_WIFI_STATE,android.permission.READ_CONTACTS,android.permission.READ_PROFILE,android.permission.GET_ACCOUNTS,
../benign_app/au.com.darkside.XServer_2.apk,android.permission.READ_SYNC_SETTINGS,org.dmfs.permission.READ_TASKS,android.permission.READ_CALENDAR,android.permission.ACCESS_COARSE_LOCATION,ch.deletescape.lawnchair.plah.permission.WRITE_SETTINGS,android.permission.READ_SYNC_STATS,android.permission.WRITE_SYNC_SETTINGS,android.permission.BLUETOOTH,android.permission.WRITE_CALENDAR,android.permission.INTERNET,android.permission.SET_WALLPAPER_HINTS,com.android.vending.BILLING,android.permission.BLUETOOTH_ADMIN,android.permission.NFC,android.permission.ACCESS_FINE_LOCATION,android.permission.PACKAGE_USAGE_STATS,com.android.browser.permission.WRITE_HISTORY_BOOKMARKS,com.android.launcher.permission.INSTALL_SHORTCUT,org.dmfs.permission.WRITE_TASKS,android.permission.ACCESS_NETWORK_STATE,android.permission.EXPAND_STATUS_BAR,android.permission.CHANGE_WIFI_MULTICAST_STATE,com.android.browser.permission.READ_HISTORY_BOOKMARKS,ch.deletescape.lawnchair.plah.permission.READ_SETTINGS,android.permission.WRITE_EXTERNAL_STORAGE,android.permission.REQUEST_IGNORE_BATTERY_OPTIMIZATIONS,android.permission.WRITE_CONTACTS,android.permission.READ_EXTERNAL_STORAGE,android.permission.RECEIVE_BOOT_COMPLETED,android.permission.BIND_APPWIDGET,ch.deletescape.lawnchair.plah.permission.QSB,com.android.alarm.permission.SET_ALARM,android.permission.BROADCAST_STICKY,android.permission.SET_WALLPAPER,android.permission.CALL_PHONE,android.permission.WRITE_SETTINGS,android.permission.READ_PHONE_STATE,android.permission.VIBRATE,android.permission.ACCESS_SUPERUSER,android.permission.SYSTEM_ALERT_WINDOW,android.permission.GET_TASKS,android.permission.ACCESS_WIFI_STATE,android.permission.WAKE_LOCK,android.permission.CHANGE_WIFI_STATE,android.permission.READ_CONTACTS,android.permission.READ_PROFILE,android.permission.GET_ACCOUNTS,
../benign_app/android.game.prboom_31.apk,android.permission.READ_SYNC_SETTINGS,org.dmfs.permission.READ_TASKS,android.permission.READ_CALENDAR,android.permission.ACCESS_COARSE_LOCATION,ch.deletescape.lawnchair.plah.permission.WRITE_SETTINGS,android.permission.READ_SYNC_STATS,android.permission.WRITE_SYNC_SETTINGS,android.permission.BLUETOOTH,android.permission.WRITE_CALENDAR,android.permission.INTERNET,android.permission.SET_WALLPAPER_HINTS,com.android.vending.BILLING,android.permission.BLUETOOTH_ADMIN,android.permission.NFC,android.permission.ACCESS_FINE_LOCATION,android.permission.PACKAGE_USAGE_STATS,com.android.browser.permission.WRITE_HISTORY_BOOKMARKS,com.android.launcher.permission.INSTALL_SHORTCUT,org.dmfs.permission.WRITE_TASKS,android.permission.ACCESS_NETWORK_STATE,android.permission.EXPAND_STATUS_BAR,android.permission.CHANGE_WIFI_MULTICAST_STATE,com.android.browser.permission.READ_HISTORY_BOOKMARKS,ch.deletescape.lawnchair.plah.permission.READ_SETTINGS,android.permission.WRITE_EXTERNAL_STORAGE,android.permission.REQUEST_IGNORE_BATTERY_OPTIMIZATIONS,android.permission.WRITE_CONTACTS,android.permission.READ_EXTERNAL_STORAGE,android.permission.RECEIVE_BOOT_COMPLETED,android.permission.BIND_APPWIDGET,ch.deletescape.lawnchair.plah.permission.QSB,com.android.alarm.permission.SET_ALARM,android.permission.BROADCAST_STICKY,android.permission.SET_WALLPAPER,android.permission.CALL_PHONE,android.permission.WRITE_SETTINGS,android.permission.READ_PHONE_STATE,android.permission.VIBRATE,android.permission.ACCESS_SUPERUSER,android.permission.SYSTEM_ALERT_WINDOW,android.permission.GET_TASKS,android.permission.ACCESS_WIFI_STATE,android.permission.WAKE_LOCK,android.permission.CHANGE_WIFI_STATE,android.permission.READ_CONTACTS,android.permission.READ_PROFILE,android.permission.GET_ACCOUNTS,
../benign_app/ch.corten.aha.worldclock_47.apk,android.permission.READ_SYNC_SETTINGS,org.dmfs.permission.READ_TASKS,android.permission.READ_CALENDAR,android.permission.ACCESS_COARSE_LOCATION,ch.deletescape.lawnchair.plah.permission.WRITE_SETTINGS,android.permission.READ_SYNC_STATS,android.permission.WRITE_SYNC_SETTINGS,android.permission.BLUETOOTH,android.permission.WRITE_CALENDAR,android.permission.INTERNET,android.permission.SET_WALLPAPER_HINTS,com.android.vending.BILLING,android.permission.BLUETOOTH_ADMIN,android.permission.NFC,android.permission.ACCESS_FINE_LOCATION,android.permission.PACKAGE_USAGE_STATS,com.android.browser.permission.WRITE_HISTORY_BOOKMARKS,com.android.launcher.permission.INSTALL_SHORTCUT,org.dmfs.permission.WRITE_TASKS,android.permission.ACCESS_NETWORK_STATE,android.permission.EXPAND_STATUS_BAR,android.permission.CHANGE_WIFI_MULTICAST_STATE,com.android.browser.permission.READ_HISTORY_BOOKMARKS,ch.deletescape.lawnchair.plah.permission.READ_SETTINGS,android.permission.WRITE_EXTERNAL_STORAGE,android.permission.REQUEST_IGNORE_BATTERY_OPTIMIZATIONS,android.permission.WRITE_CONTACTS,android.permission.READ_EXTERNAL_STORAGE,android.permission.RECEIVE_BOOT_COMPLETED,android.permission.BIND_APPWIDGET,ch.deletescape.lawnchair.plah.permission.QSB,com.android.alarm.permission.SET_ALARM,android.permission.BROADCAST_STICKY,android.permission.SET_WALLPAPER,android.permission.CALL_PHONE,android.permission.WRITE_SETTINGS,android.permission.READ_PHONE_STATE,android.permission.VIBRATE,android.permission.ACCESS_SUPERUSER,android.permission.SYSTEM_ALERT_WINDOW,android.permission.GET_TASKS,android.permission.ACCESS_WIFI_STATE,android.permission.WAKE_LOCK,android.permission.CHANGE_WIFI_STATE,android.permission.READ_CONTACTS,android.permission.READ_PROFILE,android.permission.GET_ACCOUNTS,
../benign_app/ca.pr0ps.xposed.entrustunblocker_3.apk,android.permission.READ_SYNC_SETTINGS,org.dmfs.permission.READ_TASKS,android.permission.READ_CALENDAR,android.permission.ACCESS_COARSE_LOCATION,ch.deletescape.lawnchair.plah.permission.WRITE_SETTINGS,android.permission.READ_SYNC_STATS,android.permission.WRITE_SYNC_SETTINGS,android.permission.BLUETOOTH,android.permission.WRITE_CALENDAR,android.permission.INTERNET,android.permission.SET_WALLPAPER_HINTS,com.android.vending.BILLING,android.permission.BLUETOOTH_ADMIN,android.permission.NFC,android.permission.ACCESS_FINE_LOCATION,android.permission.PACKAGE_USAGE_STATS,com.android.browser.permission.WRITE_HISTORY_BOOKMARKS,com.android.launcher.permission.INSTALL_SHORTCUT,org.dmfs.permission.WRITE_TASKS,android.permission.ACCESS_NETWORK_STATE,android.permission.EXPAND_STATUS_BAR,android.permission.CHANGE_WIFI_MULTICAST_STATE,com.android.browser.permission.READ_HISTORY_BOOKMARKS,ch.deletescape.lawnchair.plah.permission.READ_SETTINGS,android.permission.WRITE_EXTERNAL_STORAGE,android.permission.REQUEST_IGNORE_BATTERY_OPTIMIZATIONS,android.permission.WRITE_CONTACTS,android.permission.READ_EXTERNAL_STORAGE,android.permission.RECEIVE_BOOT_COMPLETED,android.permission.BIND_APPWIDGET,ch.deletescape.lawnchair.plah.permission.QSB,com.android.alarm.permission.SET_ALARM,android.permission.BROADCAST_STICKY,android.permission.SET_WALLPAPER,android.permission.CALL_PHONE,android.permission.WRITE_SETTINGS,android.permission.READ_PHONE_STATE,android.permission.VIBRATE,android.permission.ACCESS_SUPERUSER,android.permission.SYSTEM_ALERT_WINDOW,android.permission.GET_TASKS,android.permission.ACCESS_WIFI_STATE,android.permission.WAKE_LOCK,android.permission.CHANGE_WIFI_STATE,android.permission.READ_CONTACTS,android.permission.READ_PROFILE,android.permission.GET_ACCOUNTS,
                                                                                                                                                                                                                                                                                                                                                                                                                                                                                                                                                                                                                                                                                                                                                                                                                                                                                                                                                                                                                                                                                                                                                                                                                                                                                                                                                                                                                                                                                                                                                                                                                                                                                                                                                                                                                                                                                                                                                              